file_path,title
/sites/default/files/2024-09/062_31_unfallbericht_2023-01-01_136_824321.pdf,062_31_unfallbericht_2023-01-01_136_824321.pdf
/sites/default/files/2024-09/abrechnungshilfe_01-07-2018.pdf,abrechnungshilfe_01-07-2018.pdf
/sites/default/files/2024-09/ad-0010_dokubloecke_0.pdf,ad-0010_dokubloecke_0.pdf
/sites/default/files/2024-09/ad-b_ablauf_schul-_kindergartenunfall.pdf,ad-b_ablauf_schul-_kindergartenunfall.pdf
/sites/default/files/2024-09/ad-b_abweichende_vereinbarung.pdf,ad-b_abweichende_vereinbarung.pdf
/sites/default/files/2024-09/ad-b_anforderung_kostenvoranschlag_reparatur.pdf,ad-b_anforderung_kostenvoranschlag_reparatur.pdf
/sites/default/files/2024-09/ad-b_anforderung_kostenvoranschlag_vers._1.pdf,ad-b_anforderung_kostenvoranschlag_vers._1.pdf
/sites/default/files/2024-09/ad-b_anforderung_kostenvoranschlag_vers._2.pdf,ad-b_anforderung_kostenvoranschlag_vers._2.pdf
/sites/default/files/2024-09/ad-b_anforderung_kostenvoranschlag_vers._4.pdf,ad-b_anforderung_kostenvoranschlag_vers._4.pdf
/sites/default/files/2024-09/ad-b_beilage_zum_hkp.pdf,ad-b_beilage_zum_hkp.pdf
/sites/default/files/2024-09/ad-b_checkliste_fuer_reinigungskraft_px.pdf,ad-b_checkliste_fuer_reinigungskraft_px.pdf
/sites/default/files/2024-09/ad-b_checkliste_hkp-planung_u._-erstellung.pdf,ad-b_checkliste_hkp-planung_u._-erstellung.pdf
/sites/default/files/2024-09/ad-b_checkliste_laborpreise_zur_hkp_erstellung.pdf,ad-b_checkliste_laborpreise_zur_hkp_erstellung.pdf
/sites/default/files/2024-09/ad-b_eigenlabor_technikerzettel_version_1.pdf,ad-b_eigenlabor_technikerzettel_version_1.pdf
/sites/default/files/2024-09/ad-b_eigenlabor_technikerzettel_version_2.pdf,ad-b_eigenlabor_technikerzettel_version_2.pdf
/sites/default/files/2024-09/ad-b_einreichungshilfe_direktabrechnung.pdf,ad-b_einreichungshilfe_direktabrechnung.pdf
/sites/default/files/2024-09/ad-b_einreichungshilfe_direktabrechnung_version_2.pdf,ad-b_einreichungshilfe_direktabrechnung_version_2.pdf
/sites/default/files/2024-09/ad-b_erklaerung_patient_ueber_basistarif_hinausgehende_leistungen.pdf,ad-b_erklaerung_patient_ueber_basistarif_hinausgehende_leistungen.pdf
/sites/default/files/2024-09/ad-b_generalisierte_nichtanlgae_von_zaehnen.pdf,ad-b_generalisierte_nichtanlgae_von_zaehnen.pdf
/sites/default/files/2024-09/ad-b_kosteninformation_ze_reparaturen.pdf,ad-b_kosteninformation_ze_reparaturen.pdf
/sites/default/files/2024-09/ad-b_kostenueberschreitung_goz_kfo_plan.pdf,ad-b_kostenueberschreitung_goz_kfo_plan.pdf
/sites/default/files/2024-09/ad-b_laborauftrag_reparatur_version_1.pdf,ad-b_laborauftrag_reparatur_version_1.pdf
/sites/default/files/2024-09/ad-b_reparatur_checkliste.pdf,ad-b_reparatur_checkliste.pdf
/sites/default/files/2024-09/ad-b_scandokumente.pdf,ad-b_scandokumente.pdf
/sites/default/files/2024-09/ad-b_textvorschlag_private_kostenvereinbarung.pdf,ad-b_textvorschlag_private_kostenvereinbarung.pdf
/sites/default/files/2024-09/ad-b_uebersicht_aufbewahrungspflicht.pdf,ad-b_uebersicht_aufbewahrungspflicht.pdf
/sites/default/files/2024-09/ad-b_uebersicht_gesamtkosten.pdf,ad-b_uebersicht_gesamtkosten.pdf
/sites/default/files/2024-09/ad-b_unfallkassen_deutschland.pdf,ad-b_unfallkassen_deutschland.pdf
/sites/default/files/2024-09/ad-b_unzumutbarkeitsregel.pdf,ad-b_unzumutbarkeitsregel.pdf
/sites/default/files/2024-09/ad-b_vereinbarung_parodontitis_therapie_an_implantaten.pdf,ad-b_vereinbarung_parodontitis_therapie_an_implantaten.pdf
/sites/default/files/2024-09/ad-b_vereinbarung_periimplantitis_therapie.pdf,ad-b_vereinbarung_periimplantitis_therapie.pdf
/sites/default/files/2024-09/ad-b_vereinbarung_ueber_abschlagszahlung.pdf,ad-b_vereinbarung_ueber_abschlagszahlung.pdf
/sites/default/files/2024-09/ad-b_zahnaerztliche_auskunft_unfall.pdf,ad-b_zahnaerztliche_auskunft_unfall.pdf
/sites/default/files/2024-09/ad-b_ze_behandler_planungsformular_version_1.pdf,ad-b_ze_behandler_planungsformular_version_1.pdf
/sites/default/files/2024-09/ad-formulare_aufklaerungsbestaetigung_basistarif.pdf,ad-formulare_aufklaerungsbestaetigung_basistarif.pdf
/sites/default/files/2024-09/ad-formulare_mkv_28.pdf,ad-formulare_mkv_28.pdf
/sites/default/files/2024-09/ad-formulare_mkv_28_0.pdf,ad-formulare_mkv_28_0.pdf
/sites/default/files/2024-09/ad_abformsitzung_modelguss_oder_totale_prothese.pdf,ad_abformsitzung_modelguss_oder_totale_prothese.pdf
/sites/default/files/2024-09/ad_abformsitzung_modelguss_oder_totale_prothese_0.pdf,ad_abformsitzung_modelguss_oder_totale_prothese_0.pdf
/sites/default/files/2024-09/ad_abformsitzung_modelguss_oder_totale_prothese_1.pdf,ad_abformsitzung_modelguss_oder_totale_prothese_1.pdf
/sites/default/files/2024-09/ad_abformsitzung_modelguss_oder_totale_prothese_2.pdf,ad_abformsitzung_modelguss_oder_totale_prothese_2.pdf
/sites/default/files/2024-09/ad_abformsitzung_modelguss_oder_totale_prothese_3.pdf,ad_abformsitzung_modelguss_oder_totale_prothese_3.pdf
/sites/default/files/2024-09/ad_abformsitzung_modelguss_oder_totale_prothese_4.pdf,ad_abformsitzung_modelguss_oder_totale_prothese_4.pdf
/sites/default/files/2024-09/ad_abformsitzung_modelguss_oder_totale_prothese_5.pdf,ad_abformsitzung_modelguss_oder_totale_prothese_5.pdf
/sites/default/files/2024-09/ad_abformsitzung_modelguss_oder_totale_prothese_6.pdf,ad_abformsitzung_modelguss_oder_totale_prothese_6.pdf
/sites/default/files/2024-09/ad_abformsitzung_modelguss_oder_totale_prothese_7.pdf,ad_abformsitzung_modelguss_oder_totale_prothese_7.pdf
/sites/default/files/2024-09/ad_abformung_schiene.pdf,ad_abformung_schiene.pdf
/sites/default/files/2024-09/ad_abformung_schiene_0.pdf,ad_abformung_schiene_0.pdf
/sites/default/files/2024-09/ad_al-routinekontrolle_erwachsener.pdf,ad_al-routinekontrolle_erwachsener.pdf
/sites/default/files/2024-09/ad_al-routinekontrolle_kind.pdf,ad_al-routinekontrolle_kind.pdf
/sites/default/files/2024-09/ad_al-routinekontrolle_kind_0.pdf,ad_al-routinekontrolle_kind_0.pdf
/sites/default/files/2024-09/ad_beva_nach_aita_b.pdf,ad_beva_nach_aita_b.pdf
/sites/default/files/2024-09/ad_bevb_nach_cpta_b.pdf,ad_bevb_nach_cpta_b.pdf
/sites/default/files/2024-09/ad_chir_extraktion_kind.pdf,ad_chir_extraktion_kind.pdf
/sites/default/files/2024-09/ad_chir_extraktion_kind_0.pdf,ad_chir_extraktion_kind_0.pdf
/sites/default/files/2024-09/ad_chir_extraktion_kind_1.pdf,ad_chir_extraktion_kind_1.pdf
/sites/default/files/2024-09/ad_chir_extraktion_kind_2.pdf,ad_chir_extraktion_kind_2.pdf
/sites/default/files/2024-09/ad_chir_extraktion_kind_3.pdf,ad_chir_extraktion_kind_3.pdf
/sites/default/files/2024-09/ad_chir_extraktion_osteotomie.pdf,ad_chir_extraktion_osteotomie.pdf
/sites/default/files/2024-09/ad_chir_extraktion_osteotomie_0.pdf,ad_chir_extraktion_osteotomie_0.pdf
/sites/default/files/2024-09/ad_chir_extraktion_osteotomie_1.pdf,ad_chir_extraktion_osteotomie_1.pdf
/sites/default/files/2024-09/ad_chir_extraktion_osteotomie_2.pdf,ad_chir_extraktion_osteotomie_2.pdf
/sites/default/files/2024-09/ad_chir_extraktion_osteotomie_3.pdf,ad_chir_extraktion_osteotomie_3.pdf
/sites/default/files/2024-09/ad_chir_inzision.pdf,ad_chir_inzision.pdf
/sites/default/files/2024-09/ad_chir_nachbehandlung.pdf,ad_chir_nachbehandlung.pdf
/sites/default/files/2024-09/ad_chir_nachbehandlung_0.pdf,ad_chir_nachbehandlung_0.pdf
/sites/default/files/2024-09/ad_chir_osteotomie.pdf,ad_chir_osteotomie.pdf
/sites/default/files/2024-09/ad_chir_osteotomie_0.pdf,ad_chir_osteotomie_0.pdf
/sites/default/files/2024-09/ad_im_freilegung.pdf,ad_im_freilegung.pdf
/sites/default/files/2024-09/ad_im_implantation.pdf,ad_im_implantation.pdf
/sites/default/files/2024-09/ad_im_nachbehandlung.pdf,ad_im_nachbehandlung.pdf
/sites/default/files/2024-09/ad_im_planungssitzung_impl_1.pdf,ad_im_planungssitzung_impl_1.pdf
/sites/default/files/2024-09/ad_kb_kontrolle.pdf,ad_kb_kontrolle.pdf
/sites/default/files/2024-09/ad_kb_schiene_einsetzen.pdf,ad_kb_schiene_einsetzen.pdf
/sites/default/files/2024-09/ad_kb_schiene_einsetzen_0.pdf,ad_kb_schiene_einsetzen_0.pdf
/sites/default/files/2024-09/ad_kb_schiene_einsetzen_k2.pdf,ad_kb_schiene_einsetzen_k2.pdf
/sites/default/files/2024-09/ad_kb_schiene_einsetzen_k2_0.pdf,ad_kb_schiene_einsetzen_k2_0.pdf
/sites/default/files/2024-09/ad_kons_fuellungen_kunststoff.pdf,ad_kons_fuellungen_kunststoff.pdf
/sites/default/files/2024-09/ad_kons_fuellungen_kunststoff_0.pdf,ad_kons_fuellungen_kunststoff_0.pdf
/sites/default/files/2024-09/ad_kons_fuellungen_kunststoff_1.pdf,ad_kons_fuellungen_kunststoff_1.pdf
/sites/default/files/2024-09/ad_kons_fuellungen_kunststoff_2.pdf,ad_kons_fuellungen_kunststoff_2.pdf
/sites/default/files/2024-09/ad_kons_fuellungen_kunststoff_3.pdf,ad_kons_fuellungen_kunststoff_3.pdf
/sites/default/files/2024-09/ad_kons_fuellungen_kunststoff_4.pdf,ad_kons_fuellungen_kunststoff_4.pdf
/sites/default/files/2024-09/ad_kons_fuellungen_kunststoff_5.pdf,ad_kons_fuellungen_kunststoff_5.pdf
/sites/default/files/2024-09/ad_kons_fuellungen_kunststoff_6.pdf,ad_kons_fuellungen_kunststoff_6.pdf
/sites/default/files/2024-09/ad_kons_fuellungen_kunststoff_7.pdf,ad_kons_fuellungen_kunststoff_7.pdf
/sites/default/files/2024-09/ad_kons_fuellungen_kunststoff_8.pdf,ad_kons_fuellungen_kunststoff_8.pdf
/sites/default/files/2024-09/ad_kons_fuellungen_kunststoff_9.pdf,ad_kons_fuellungen_kunststoff_9.pdf
/sites/default/files/2024-09/ad_kons_fuellungen_kunststoff_kind.pdf,ad_kons_fuellungen_kunststoff_kind.pdf
/sites/default/files/2024-09/ad_kons_fuellungen_kunststoff_kind_0.pdf,ad_kons_fuellungen_kunststoff_kind_0.pdf
/sites/default/files/2024-09/ad_kons_fuellungen_kunststoff_kind_1.pdf,ad_kons_fuellungen_kunststoff_kind_1.pdf
/sites/default/files/2024-09/ad_kons_fuellungen_kunststoff_kind_2.pdf,ad_kons_fuellungen_kunststoff_kind_2.pdf
/sites/default/files/2024-09/ad_kons_fuellungen_kunststoff_kind_3.pdf,ad_kons_fuellungen_kunststoff_kind_3.pdf
/sites/default/files/2024-09/ad_kons_fuellungen_kunststoff_kind_4.pdf,ad_kons_fuellungen_kunststoff_kind_4.pdf
/sites/default/files/2024-09/ad_kons_fuellungen_kunststoff_kind_5.pdf,ad_kons_fuellungen_kunststoff_kind_5.pdf
/sites/default/files/2024-09/ad_kons_fuellungen_kunststoff_kind_6.pdf,ad_kons_fuellungen_kunststoff_kind_6.pdf
/sites/default/files/2024-09/ad_kons_fuellungen_kunststoff_kind_7.pdf,ad_kons_fuellungen_kunststoff_kind_7.pdf
/sites/default/files/2024-09/ad_kons_fuellungen_kunststoff_kind_8.pdf,ad_kons_fuellungen_kunststoff_kind_8.pdf
/sites/default/files/2024-09/ad_kons_fuellungen_kunststoff_kind_9.pdf,ad_kons_fuellungen_kunststoff_kind_9.pdf
/sites/default/files/2024-09/ad_locatoren_vorh_ze_direktes_verfahren.pdf,ad_locatoren_vorh_ze_direktes_verfahren.pdf
/sites/default/files/2024-09/ad_pa_atg.pdf,ad_pa_atg.pdf
/sites/default/files/2024-09/ad_pa_behandlung_geschlossene_vorgehen_aita_b.pdf,ad_pa_behandlung_geschlossene_vorgehen_aita_b.pdf
/sites/default/files/2024-09/ad_pa_behandlung_geschlossene_vorgehen_aita_b_0.pdf,ad_pa_behandlung_geschlossene_vorgehen_aita_b_0.pdf
/sites/default/files/2024-09/ad_pa_behandlung_offenes_vorgehen_cpta_b.pdf,ad_pa_behandlung_offenes_vorgehen_cpta_b.pdf
/sites/default/files/2024-09/ad_pa_behandlung_offenes_vorgehen_cpta_b_0.pdf,ad_pa_behandlung_offenes_vorgehen_cpta_b_0.pdf
/sites/default/files/2024-09/ad_pa_messung_status_und_aufklaerung.pdf,ad_pa_messung_status_und_aufklaerung.pdf
/sites/default/files/2024-09/ad_pa_messung_status_und_aufklaerung_0.pdf,ad_pa_messung_status_und_aufklaerung_0.pdf
/sites/default/files/2024-09/ad_pa_mhu.pdf,ad_pa_mhu.pdf
/sites/default/files/2024-09/ad_pa_nachbehandlung.pdf,ad_pa_nachbehandlung.pdf
/sites/default/files/2024-09/ad_prothetik_besprechung.pdf,ad_prothetik_besprechung.pdf
/sites/default/files/2024-09/ad_pzr-prophylaxe_umfaenglich.pdf,ad_pzr-prophylaxe_umfaenglich.pdf
/sites/default/files/2024-09/ad_rp_reparatur.pdf,ad_rp_reparatur.pdf
/sites/default/files/2024-09/ad_rp_reparatur_0.pdf,ad_rp_reparatur_0.pdf
/sites/default/files/2024-09/ad_rp_reparatur_1.pdf,ad_rp_reparatur_1.pdf
/sites/default/files/2024-09/ad_rp_reparatur_2.pdf,ad_rp_reparatur_2.pdf
/sites/default/files/2024-09/ad_rp_unterfuetterungen.pdf,ad_rp_unterfuetterungen.pdf
/sites/default/files/2024-09/ad_rp_unterfuetterungen_0.pdf,ad_rp_unterfuetterungen_0.pdf
/sites/default/files/2024-09/ad_rp_unterfuetterungen_1.pdf,ad_rp_unterfuetterungen_1.pdf
/sites/default/files/2024-09/ad_rp_unterfuetterungen_2.pdf,ad_rp_unterfuetterungen_2.pdf
/sites/default/files/2024-09/ad_rp_unterfuetterungen_3.pdf,ad_rp_unterfuetterungen_3.pdf
/sites/default/files/2024-09/ad_rp_unterfuetterungen_4.pdf,ad_rp_unterfuetterungen_4.pdf
/sites/default/files/2024-09/ad_rp_unterfuetterungen_5.pdf,ad_rp_unterfuetterungen_5.pdf
/sites/default/files/2024-09/ad_upt.pdf,ad_upt.pdf
/sites/default/files/2024-09/ad_upt_0.pdf,ad_upt_0.pdf
/sites/default/files/2024-09/ad_upt_1.pdf,ad_upt_1.pdf
/sites/default/files/2024-09/ad_upt_2.pdf,ad_upt_2.pdf
/sites/default/files/2024-09/ad_upt_3.pdf,ad_upt_3.pdf
/sites/default/files/2024-09/ad_upt_4.pdf,ad_upt_4.pdf
/sites/default/files/2024-09/ad_wb-eroeffnung_und_aufbereitung.pdf,ad_wb-eroeffnung_und_aufbereitung.pdf
/sites/default/files/2024-09/ad_wb-eroeffnung_und_aufbereitung_0.pdf,ad_wb-eroeffnung_und_aufbereitung_0.pdf
/sites/default/files/2024-09/ad_wb-eroeffnung_und_aufbereitung_1.pdf,ad_wb-eroeffnung_und_aufbereitung_1.pdf
/sites/default/files/2024-09/ad_wb-eroeffnung_und_aufbereitung_2.pdf,ad_wb-eroeffnung_und_aufbereitung_2.pdf
/sites/default/files/2024-09/ad_wb-medikamentoese_einlage.pdf,ad_wb-medikamentoese_einlage.pdf
/sites/default/files/2024-09/ad_wb-medikamentoese_einlage_0.pdf,ad_wb-medikamentoese_einlage_0.pdf
/sites/default/files/2024-09/ad_wb-wurzelfuellung.pdf,ad_wb-wurzelfuellung.pdf
/sites/default/files/2024-09/ad_wb-wurzelfuellung_0.pdf,ad_wb-wurzelfuellung_0.pdf
/sites/default/files/2024-09/ad_ze_einprobe.pdf,ad_ze_einprobe.pdf
/sites/default/files/2024-09/ad_ze_einprobe_0.pdf,ad_ze_einprobe_0.pdf
/sites/default/files/2024-09/ad_ze_einsetzen_kronen_bruecken.pdf,ad_ze_einsetzen_kronen_bruecken.pdf
/sites/default/files/2024-09/ad_ze_einsetzen_teleskoparbeit.pdf,ad_ze_einsetzen_teleskoparbeit.pdf
/sites/default/files/2024-09/ad_ze_praep.pdf,ad_ze_praep.pdf
/sites/default/files/2024-09/ad_ze_praep_0.pdf,ad_ze_praep_0.pdf
/sites/default/files/2024-09/allgemeine_versicherungsbedingungen_basistarif.pdf,allgemeine_versicherungsbedingungen_basistarif.pdf
/sites/default/files/2024-09/anlage1_bedarfsplanung.pdf,anlage1_bedarfsplanung.pdf
/sites/default/files/2024-09/anlage1_kfo_kig-tabelle.pdf,anlage1_kfo_kig-tabelle.pdf
/sites/default/files/2024-09/anlage2_bedarfsplanung.pdf,anlage2_bedarfsplanung.pdf
/sites/default/files/2024-09/anlage2_kfo_kriterien_kig.pdf,anlage2_kfo_kriterien_kig.pdf
/sites/default/files/2024-09/anlage3_bedarfsplanung.pdf,anlage3_bedarfsplanung.pdf
/sites/default/files/2024-09/anlage3_kfo.pdf,anlage3_kfo.pdf
/sites/default/files/2024-09/anlage6_bedarfsplanung.pdf,anlage6_bedarfsplanung.pdf
/sites/default/files/2024-09/beendigung_einer_kieferorhtopaedischen_behandlung_mit_kompromissergebnis.pdf,beendigung_einer_kieferorhtopaedischen_behandlung_mit_kompromissergebnis.pdf
/sites/default/files/2024-09/checkliste_behandlung_im_notdienst.pdf,checkliste_behandlung_im_notdienst.pdf
/sites/default/files/2024-09/checkliste_berechnungsmoeglichkeiten_endo-beh._gkv_pat.pdf,checkliste_berechnungsmoeglichkeiten_endo-beh._gkv_pat.pdf
/sites/default/files/2024-09/checkliste_kostenauskunft_ohne_kostenvoranschlag_im_vorfeld_0.pdf,checkliste_kostenauskunft_ohne_kostenvoranschlag_im_vorfeld_0.pdf
/sites/default/files/2024-09/checkliste_problematik_edv-wechsel.pdf,checkliste_problematik_edv-wechsel.pdf
/sites/default/files/2024-09/e-hkp_ablaufinformation_fuer_patatient.pdf,e-hkp_ablaufinformation_fuer_patatient.pdf
/sites/default/files/2024-09/e-hkp_ablaufinformation_fuer_patatient_0.pdf,e-hkp_ablaufinformation_fuer_patatient_0.pdf
/sites/default/files/2024-09/fz-tabelle_2018.pdf,fz-tabelle_2018.pdf
/sites/default/files/2024-09/g7_pos_lappenbildung.pdf,g7_pos_lappenbildung.pdf
/sites/default/files/2024-09/hilfestellung_beim_versand_von_rechnungen_ohne_rechenzentrum.pdf,hilfestellung_beim_versand_von_rechnungen_ohne_rechenzentrum.pdf
/sites/default/files/2024-09/kfo_abschlusstext_goz_plan.pdf,kfo_abschlusstext_goz_plan.pdf
/sites/default/files/2024-09/kfo_allgemeine_infos_u._aerztl._aufklaerung_gkv.pdf,kfo_allgemeine_infos_u._aerztl._aufklaerung_gkv.pdf
/sites/default/files/2024-09/kfo_allgemeine_infos_u._aerztl._aufklaerung_pkv.pdf,kfo_allgemeine_infos_u._aerztl._aufklaerung_pkv.pdf
/sites/default/files/2024-09/kfo_anschreiben_goz_plan.pdf,kfo_anschreiben_goz_plan.pdf
/sites/default/files/2024-09/kfo_individualvereinbarung_zahlweisen.pdf,kfo_individualvereinbarung_zahlweisen.pdf
/sites/default/files/2024-09/kostenzusammenstellung_zahnersatz.pdf,kostenzusammenstellung_zahnersatz.pdf
/sites/default/files/2024-09/kzbv_abrechnungshilfe_2018.pdf,kzbv_abrechnungshilfe_2018.pdf
/sites/default/files/2024-09/kzbv_abrechnungshilfe_2019_web_20181206-1.pdf,kzbv_abrechnungshilfe_2019_web_20181206-1.pdf
/sites/default/files/2024-09/l3_pos_dvt_16032012.pdf,l3_pos_dvt_16032012.pdf
/sites/default/files/2024-09/p5_pos_honorierung_auskunftserteilung_pkv.pdf,p5_pos_honorierung_auskunftserteilung_pkv.pdf
/sites/default/files/2024-09/patienteninformation_und_einwilligung_bei_standardtarifbasistarif_zur_abrechnung_ueber_den_tarif_hinaus.pdf,patienteninformation_und_einwilligung_bei_standardtarifbasistarif_zur_abrechnung_ueber_den_tarif_hinaus.pdf
/sites/default/files/2024-09/pdca.pdf,pdca.pdf
/sites/default/files/2024-09/pdf_notfallcheckliste.pdf,pdf_notfallcheckliste.pdf
/sites/default/files/2024-09/pf-b_op_protokoll.pdf,pf-b_op_protokoll.pdf
/sites/default/files/2024-09/pf-b_op_protokoll_1.pdf,pf-b_op_protokoll_1.pdf
/sites/default/files/2024-09/unzumutbarkeitsregel.pdf,unzumutbarkeitsregel.pdf
